Country,Region,Population (millions),Ship transport Footprint,Air Transport Footprint,Railway Footprint,Truck Footprint,Cars Footprint,Total Ecological Footprint,Average Usage cost of CO2e/$,HDI,Household,Clothes,Electrical,Medical,Recreational,Total Biocapacity,Biocapacity Deficit or Reserve,Earths Required,Countries Required,Data Quality
China,Asia-Pacific,1408.04,0.08,2.32,0.19,0.13,0.55,3.38,"$5,560.94 ",0.72,0.46,0.1,0.22,0.04,0.12,0.94,-2.44,1.95,3.59,6
India,Asia-Pacific,1236.69,0.02,0.61,0.14,0.01,0.34,1.16,"$1,513.85 ",0.6,0.35,0,0.02,0.03,0.05,0.45,-0.71,0.67,2.55,6
United States of America,North America,317.5,0.12,5.9,0.67,0.3,1.13,8.22,"$49,725.00 ",0.91,1.49,0.28,1.57,0.33,0.09,3.76,-4.46,4.75,2.19,6
Indonesia,Asia-Pacific,246.86,0.21,0.64,0.2,0.03,0.44,1.58,"$3,688.53 ",0.68,0.46,0.06,0.3,0.38,0.06,1.26,-0.32,0.91,1.25,6
Brazil,Latin America,198.66,0.04,0.91,0.6,0.85,0.62,3.11,"$13,237.60 ",0.75,1,1,6.82,0.17,0.09,9.08,5.97,1.8,0.34,5
Pakistan,Asia-Pacific,179.16,0.02,0.38,0.08,0.01,0.27,0.79,"$1,218.60 ",0.53,0.26,0,0.01,0.04,0.03,0.35,-0.44,0.46,2.28,6
Nigeria,Africa,168.83,0.08,0.21,0.19,0.1,0.53,1.16,"$2,612.12 ",0.5,0.5,0.12,0.02,0.02,0.05,0.7,-0.47,0.67,1.67,5
Bangladesh,Asia-Pacific,154.7,0.02,0.26,0.08,0,0.29,0.72,$857.50 ,0.56,0.25,0,0,0.05,0.07,0.38,-0.35,0.42,1.92,6
Russian Federation,Northern/Eastern Europe,143.17,0.19,3.87,0.67,0.15,0.77,5.69,"$13,320.20 ",0.79,0.85,0.34,4.38,1.19,0.03,6.79,1.1,3.29,0.84,6
Japan,Asia-Pacific,127.25,0.33,3.69,0.27,0.1,0.53,5.02,"$46,201.60 ",0.89,0.16,0,0.35,0.1,0.1,0.72,-4.3,2.9,7.01,6
Mexico,Latin America,120.85,0.06,1.74,0.25,0.24,0.55,2.89,"$10,123.90 ",0.75,0.37,0.24,0.47,0.14,0.05,1.27,-1.62,1.67,2.27,5
Philippines,Asia-Pacific,96.71,0.23,0.34,0.09,0.03,0.36,1.1,"$2,379.44 ",0.66,0.32,0.02,0.09,0.07,0.05,0.54,-0.56,0.64,2.03,5
Ethiopia,Africa,91.73,0,0.07,0.46,0.12,0.31,1.02,$379.38 ,0.43,0.31,0.12,0.05,0.04,0.06,0.58,-0.44,0.59,1.75,6
Viet Nam,Asia-Pacific,90.8,0.05,0.79,0.19,0.01,0.5,1.65,"$1,532.31 ",0.66,0.55,0.01,0.17,0.16,0.1,1,-0.65,0.95,1.66,6
Germany,European Union,82.8,0.05,3.28,0.48,0.14,1.1,5.3,"$46,822.40 ",0.91,1.23,0.06,0.68,0.07,0.24,2.27,-3.02,3.06,2.33,5
Egypt,Africa,80.72,0.04,1.02,0.17,0.08,0.68,2.15,"$2,930.33 ",0.69,0.38,0,0,0.02,0.15,0.56,-1.59,1.24,3.86,5
"Iran, Islamic Republic of",Middle East/Central Asia,76.42,0.12,1.72,0.07,0.09,0.69,2.79,"$7,511.10 ",0.76,0.48,0.07,0.06,0.19,0.09,0.9,-1.89,1.61,3.1,3B
Turkey,Middle East/Central Asia,74,0.04,1.92,0.34,0.12,0.87,3.33,"$10,437.70 ",0.76,0.75,0.09,0.6,0.04,0.04,1.52,-1.81,1.92,2.19,5
Thailand,Asia-Pacific,66.78,0.13,1.54,0.24,0.02,0.67,2.66,"$5,479.29 ",0.72,0.77,0.01,0.2,0.19,0.07,1.24,-1.42,1.54,2.14,6
"Congo, Democratic Republic of",Africa,65.7,0.01,0.07,0.51,0.01,0.15,0.82,$338.63 ,0.42,0.13,0.32,2.52,0.05,0.05,3.07,2.25,0.47,0.27,6
France,European Union,63.98,0.19,2.71,0.53,0.27,1.23,5.14,"$45,430.30 ",0.89,1.67,0.16,0.96,0.11,0.21,3.11,-2.04,2.97,1.66,6
United Kingdom,European Union,63.03,0.08,3.14,0.45,0.28,0.82,4.94,"$40,980.50 ",0.9,0.6,0.12,0.12,0.3,0.18,1.32,-3.62,2.85,3.76,6
Italy,European Union,60.92,0.12,2.77,0.42,0.32,0.91,4.61,"$38,412.00 ",0.87,0.58,0.04,0.33,0.06,0.06,1.08,-3.53,2.66,4.28,6
Myanmar,Asia-Pacific,52.8,0.1,0.09,0.32,0.01,0.8,1.43,"$1,117.58 ",0.53,0.88,0,0.56,0.28,0.11,1.84,0.41,0.83,0.78,6
South Africa,Africa,52.39,0.08,2.34,0.29,0.11,0.44,3.31,"$8,089.87 ",0.66,0.35,0.58,0.02,0.17,0.04,1.15,-2.16,1.91,2.87,5
"Korea, Republic of",Asia-Pacific,49,0.41,4.17,0.21,0.12,0.71,5.69,"$24,155.80 ",0.89,0.13,0,0.09,0.4,0.06,0.68,-5.01,3.29,8.36,5
"Tanzania, United Republic of",Africa,47.78,0.09,0.17,0.23,0.34,0.44,1.32,$765.33 ,0.51,0.46,0.34,0.17,0.06,0.06,1.08,-0.24,0.76,1.23,6
Colombia,Latin America,47.7,0.03,0.67,0.16,0.58,0.35,1.87,"$7,305.22 ",0.72,0.22,1.13,2.09,0.07,0.09,3.6,1.72,1.08,0.52,6
Spain,European Union,46.76,0.32,2.22,0.17,0.15,0.78,3.67,"$32,008.70 ",0.87,0.72,0.1,0.34,0.06,0.04,1.25,-2.42,2.12,2.94,6
Ukraine,Northern/Eastern Europe,45.53,0.06,1.92,0.16,0.01,0.62,2.84,"$3,589.63 ",0.74,1.5,0.12,0.43,0.15,0.07,2.27,-0.58,1.64,1.25,5
Kenya,Africa,43.18,0.05,0.2,0.27,0.23,0.25,1.03,"$1,062.11 ",0.54,0.2,0.24,0.02,0.02,0.04,0.51,-0.52,0.6,2.02,5
Argentina,Latin America,41.09,0.1,1.08,0.29,0.79,0.78,3.14,"$13,540.00 ",0.83,2.64,1.86,0.66,1.67,0.1,6.92,3.78,1.82,0.45,6
Algeria,Africa,38.48,0.01,1.14,0.17,0.16,0.6,2.12,"$5,430.57 ",0.73,0.24,0.27,0.03,0.01,0.03,0.59,-1.53,1.22,3.61,5
Poland,European Union,38.21,0.05,2.64,0.78,0.04,0.84,4.44,"$13,769.50 ",0.84,1.05,0.07,0.77,0.11,0.09,2.08,-2.36,2.57,2.14,6
Uganda,Africa,36.35,0.11,0.08,0.54,0.15,0.34,1.24,$601.35 ,0.48,0.35,0.15,0.01,0.04,0.04,0.59,-0.66,0.72,2.12,6
Canada,North America,34.84,0.12,5,1.2,0.33,1.46,8.17,"$52,145.40 ",0.91,3.11,0.29,9.12,3.41,0.07,16.01,7.83,4.72,0.51,5
Iraq,Middle East/Central Asia,32.78,0.01,1.36,0.01,0.03,0.43,1.88,"$5,848.54 ",0.65,0.18,0.02,0.05,0,0.04,0.29,-1.59,1.09,6.58,3B
Morocco,Africa,32.52,0.06,0.67,0.14,0.17,0.6,1.68,"$3,149.43 ",0.62,0.34,0.17,0.1,0.07,0.03,0.71,-0.96,0.97,2.35,5
Peru,Latin America,29.99,0.33,0.67,0.19,0.51,0.5,2.28,"$5,684.73 ",0.73,0.36,0.51,2.82,0.2,0.07,3.97,1.69,1.32,0.57,6
"Venezuela, Bolivarian Republic of",Latin America,29.96,0.09,2.13,0.12,0.74,0.45,3.57,"$10,237.80 ",0.763846,0.14,0.57,1.79,0.24,0.04,2.78,-0.79,2.06,1.28,5
Afghanistan,Middle East/Central Asia,29.82,0,0.18,0.08,0.2,0.3,0.79,$614.66 ,0.46,0.24,0.2,0.02,0,0.04,0.5,-0.3,0.46,1.6,6
Malaysia,Asia-Pacific,29.24,0.36,2.1,0.38,0.12,0.67,3.71,"$10,252.60 ",0.77,0.75,0.01,0.73,0.84,0.07,2.41,-1.3,2.14,1.54,3B
Uzbekistan,Middle East/Central Asia,28.54,0,1.41,0.08,0.13,0.62,2.32,"$1,560.85 ",0.67,0.56,0.2,0.06,0.03,0.08,0.92,-1.4,1.34,2.52,6
Saudi Arabia,Middle East/Central Asia,28.29,0.08,4.21,0.27,0.27,0.74,5.61,"$23,593.80 ",0.83,0.09,0.12,0.07,0.18,0.04,0.5,-5.12,3.24,11.28,3L
Nepal,Asia-Pacific,27.47,0,0.16,0.21,0.07,0.43,0.98,$700.07 ,0.54,0.37,0.05,0.06,0.01,0.11,0.59,-0.38,0.56,1.65,6
Ghana,Africa,25.37,0.19,0.43,0.65,0.07,0.56,1.97,"$1,627.90 ",0.57,0.67,0.26,0.29,0.06,0.07,1.35,-0.62,1.14,1.46,6
Mozambique,Africa,25.2,0.03,0.17,0.29,0.03,0.31,0.87,$538.82 ,0.41,0.28,0.96,0.61,0.17,0.05,2.06,1.19,0.5,0.42,5
"Korea, Democratic People's Republic of",Asia-Pacific,24.76,0.02,0.68,0.14,0,0.28,1.17,,,0.24,0,0.21,0.09,0.06,0.6,-0.57,0.67,1.94,6
Yemen,Middle East/Central Asia,23.85,0.04,0.42,0.04,0.14,0.34,1.03,"$1,302.30 ",0.5,0.09,0.12,0.04,0.2,0.04,0.5,-0.53,0.59,2.06,5
Australia,Asia-Pacific,23.05,0.11,4.85,0.89,0.63,2.68,9.31,"$66,604.20 ",0.93,5.42,5.81,2.01,3.19,0.14,16.57,7.26,5.37,0.56,5
Madagascar,Africa,22.29,0.02,0.07,0.24,0.34,0.27,0.99,$456.33 ,0.51,0.26,1.3,0.8,0.21,0.06,2.63,1.64,0.57,0.38,6
Syrian Arab Republic,Middle East/Central Asia,21.89,0.01,0.81,0.04,0.09,0.52,1.51,,0.62,0.41,0.1,0.04,0,0.05,0.6,-0.91,0.87,2.5,5
Romania,European Union,21.76,0.03,1.46,0.33,0.05,0.72,2.71,"$9,213.94 ",0.79,0.87,0.11,1.14,0.08,0.12,2.32,-0.39,1.56,1.17,5
Cameroon,Africa,21.7,0.08,0.19,0.21,0.1,0.54,1.17,"$1,271.21 ",0.5,0.55,0.1,0.92,0.08,0.05,1.69,0.52,0.68,0.69,6
Sri Lanka,Asia-Pacific,21.1,0.27,0.52,0.16,0.01,0.31,1.32,"$2,880.03 ",0.75,0.26,0.02,0.04,0.07,0.05,0.44,-0.88,0.77,3.01,6
Angola,Africa,20.82,0.09,0.2,0.12,0.15,0.33,0.93,"$4,665.91 ",0.52,0.2,1.42,0.64,0.26,0.04,2.55,1.61,0.54,0.37,6
Côte d'Ivoire,Africa,19.84,0.14,0.26,0.22,0.06,0.51,1.27,"$1,016.83 ",,0.88,0.3,0.48,0.04,0.08,1.78,0.51,0.74,0.72,6
Chile,Latin America,17.46,0.25,2.04,0.99,0.33,0.61,4.36,"$14,525.80 ",0.83,0.47,0.45,2.19,0.38,0.15,3.63,-0.73,2.52,1.2,6
Niger,Africa,17.16,0.02,0.1,0.26,0.48,0.67,1.56,$410.91 ,0.34,0.65,0.51,0.05,0,0.03,1.24,-0.32,0.9,1.26,5
Netherlands,European Union,16.71,0.16,3.23,0.38,0.58,0.76,5.28,"$53,589.90 ",0.92,0.45,0.04,0.08,0.43,0.17,1.17,-4.11,3.05,4.53,6
Burkina Faso,Africa,16.46,0.03,0.12,0.36,0.17,0.47,1.21,$671.07 ,0.39,0.5,0.17,0.25,0,0.05,0.98,-0.22,0.7,1.23,5
Kazakhstan,Middle East/Central Asia,16.27,0.03,4.59,0.12,0.19,0.58,5.55,"$11,278.00 ",0.78,1.14,1.93,0.24,0.06,0.03,3.41,-2.14,3.2,1.63,3L
Malawi,Africa,15.91,0.01,0.07,0.2,0.05,0.43,0.81,$493.84 ,0.43,0.45,0.07,0.02,0.06,0.05,0.66,-0.15,0.47,1.22,5
Ecuador,Latin America,15.49,0.18,1.08,0.24,0.3,0.3,2.17,"$5,192.88 ",0.73,0.32,0.3,1.41,0.11,0.06,2.2,0.03,1.25,0.99,5
Guatemala,Latin America,15.08,0.01,0.7,0.58,0.16,0.37,1.89,"$3,233.80 ",0.62,0.38,0.15,0.34,0.05,0.07,0.99,-0.9,1.09,1.91,5
Cambodia,Asia-Pacific,14.86,,,,,,1.21,$877.64 ,0.55,,,,,,1.09,-0.11,0.7,1.11,3T
Mali,Africa,14.85,0.03,0.1,0.17,0.66,0.52,1.53,$741.22 ,0.41,0.51,0.71,0.25,0.05,0.06,1.58,0.05,0.88,0.97,6
Zambia,Africa,14.08,0.01,0.24,0.33,0.18,0.19,0.99,"$1,740.64 ",0.58,0.24,0.94,0.99,0.02,0.04,2.23,1.24,0.57,0.44,6
Senegal,Africa,13.73,0.12,0.3,0.21,0.21,0.34,1.21,"$1,079.27 ",0.46,0.21,0.17,0.46,0.17,0.02,1.05,-0.16,0.7,1.16,5
Zimbabwe,Africa,13.72,0.01,0.53,0.29,0.32,0.2,1.37,$865.91 ,0.49,0.15,0.32,0.12,0.01,0.02,0.62,-0.75,0.79,2.2,6
Chad,Africa,12.45,0.01,0.01,0.27,0.75,0.36,1.46,"$1,161.22 ",0.39,0.35,1.15,0.41,0.07,0.05,2.03,0.57,0.84,0.72,6
Rwanda,Africa,11.46,0.01,0.07,0.25,0.05,0.43,0.87,$628.08 ,0.48,0.42,0.05,0.01,0.01,0.05,0.54,-0.32,0.5,1.6,5
Guinea,Africa,11.45,0.05,0.16,0.45,0.32,0.39,1.41,$459.09 ,0.41,0.35,0.75,0.64,0.3,0.04,2.09,0.68,0.81,0.67,5
Cuba,Latin America,11.27,0.02,1.23,0.09,0.11,0.48,1.95,"$5,175.94 ",0.77,0.26,0.09,0.23,0.16,0.03,0.76,-1.19,1.13,2.56,6
Greece,European Union,11.12,0.08,2.58,0.24,0.35,1.07,4.38,"$25,987.40 ",0.86,1.01,0.14,0.23,0.17,0.06,1.61,-2.77,2.53,2.73,5
Belgium,European Union,11.06,0.12,4.43,0.99,0.48,1.15,7.44,"$48,053.30 ",0.89,0.56,0.03,0.28,0.04,0.27,1.19,-6.25,4.3,6.27,6
Tunisia,Africa,10.88,0.06,1.11,0.28,0.09,0.76,2.34,"$4,305.07 ",0.72,0.53,0.08,0.05,0.24,0.04,0.93,-1.4,1.35,2.51,5
Czech Republic,European Union,10.66,0.03,3.42,0.74,0.24,0.62,5.19,"$21,676.30 ",0.87,0.94,0.07,1.31,0,0.13,2.46,-2.73,3,2.11,5
Portugal,European Union,10.6,0.31,2.15,0.09,0.25,1.03,3.88,"$23,217.30 ",0.83,0.47,0.06,0.85,0.07,0.05,1.51,-2.37,2.24,2.57,5
Bolivia,Latin America,10.5,0.01,0.67,0.17,1.69,0.37,2.96,"$2,253.09 ",0.65,0.59,2.18,13.86,0.05,0.06,16.73,13.77,1.71,0.18,5
Dominican Republic,Latin America,10.28,0.04,0.86,0.12,0.12,0.35,1.53,"$6,085.89 ",0.71,0.22,0.11,0.16,0.02,0.05,0.56,-0.97,0.88,2.74,6
Somalia,Africa,10.2,0.01,0.07,0.52,0.43,0.16,1.24,,,0.09,0.56,0.22,0.33,0.06,1.27,0.03,0.71,0.98,5
Haiti,Latin America,10.17,0.01,0.15,0.1,0.04,0.27,0.61,$749.13 ,0.48,0.18,0.03,0.01,0.01,0.03,0.27,-0.34,0.35,2.28,6
Benin,Africa,10.05,0.08,0.51,0.26,0.04,0.49,1.41,$746.83 ,0.48,0.44,0.04,0.34,0.02,0.04,0.88,-0.53,0.81,1.61,6
Hungary,European Union,9.98,0.02,1.9,0.36,0.08,0.42,2.92,"$13,964.20 ",0.82,1.28,0.06,0.69,0,0.13,2.17,-0.75,1.69,1.34,5
Burundi,Africa,9.85,0,0.04,0.45,0.07,0.21,0.8,$276.69 ,0.39,0.2,0.07,0.01,0.01,0.03,0.32,-0.48,0.46,2.48,4
Serbia,Northern/Eastern Europe,9.55,0.02,1.66,0.46,0.02,0.49,2.7,"$6,426.18 ",0.76,0.73,0.02,0.46,0,0.04,1.25,-1.44,1.56,2.15,5
Sweden,European Union,9.51,0.09,3.88,1.3,0.27,1.47,7.25,"$59,381.90 ",0.9,1.31,0.22,6.66,2.19,0.24,10.62,3.38,4.19,0.68,5
Belarus,Northern/Eastern Europe,9.4,0.08,2.57,0.91,0.12,1.32,5.09,"$6,300.45 ",0.8,1.52,0.3,1.71,0.02,0.09,3.64,-1.45,2.94,1.4,6
Azerbaijan,Middle East/Central Asia,9.31,0.01,1.25,0.11,0.22,0.66,2.31,"$7,106.04 ",0.75,0.46,0.2,0.11,0.02,0.06,0.85,-1.46,1.33,2.72,6
United Arab Emirates,Middle East/Central Asia,9.206,0.19,6.37,0.38,0.19,0.8,7.93,"$40,817.40 ",0.83,0.02,0,0.07,0.47,0,0.56,-7.37,4.58,14.16071429,6
Austria,European Union,8.46,0.06,4.14,0.63,0.27,0.82,6.06,"$51,274.10 ",0.88,0.71,0.16,2.04,0,0.15,3.07,-3,3.5,1.98,5
Tajikistan,Middle East/Central Asia,8.01,0,0.13,0.1,0.14,0.46,0.91,$836.17 ,0.62,0.29,0.14,0.01,0.01,0.08,0.53,-0.38,0.52,1.71,5
Switzerland,Northern/Eastern Europe,8,0.07,4.26,0.38,0.22,0.75,5.79,"$88,506.20 ",0.93,0.32,0.12,0.74,0.01,0.12,1.3,-4.48,3.34,4.44,6
Honduras,Latin America,7.94,0,0.6,0.5,0.25,0.28,1.68,"$2,269.51 ",0.61,0.33,0.26,0.89,0.23,0.06,1.77,0.09,0.97,0.95,3B
Israel,Middle East/Central Asia,7.64,0.07,4.59,0.36,0.22,0.89,6.22,"$33,718.90 ",0.89,0.22,0.01,0.03,0.02,0.08,0.35,-5.87,3.59,17.59,6
Bulgaria,European Union,7.28,0.03,2.08,0.35,0.13,0.6,3.32,"$7,615.28 ",0.78,1.33,0.08,1.2,0.12,0.13,2.86,-0.46,1.92,1.16,5
Papua New Guinea,Asia-Pacific,7.17,0.73,0.35,0.36,0.05,0.3,1.91,"$1,871.21 ",0.5,0.36,0.04,2.66,0.73,0.13,3.92,2.01,1.1,0.49,3B
Jordan,Middle East/Central Asia,7.01,0.03,1.09,0.17,0.18,0.54,2.1,"$4,615.17 ",0.75,0.09,0.02,0.03,0,0.07,0.21,-1.89,1.21,9.91,5
Paraguay,Latin America,6.69,0.01,0.97,0.83,1.1,1.11,4.16,"$3,557.31 ",0.67,2.51,2.28,5.54,0.05,0.14,10.52,6.36,2.4,0.4,3B
Lao People's Democratic Republic,Asia-Pacific,6.65,0.01,0.09,0.36,0.08,0.57,1.22,"$1,236.24 ",0.56,0.57,0.13,0.78,0.03,0.11,1.62,0.4,0.7,0.75,6
Togo,Africa,6.64,0.08,0.31,0.27,0.1,0.34,1.13,$580.86 ,0.47,0.34,0.12,0.03,0.02,0.02,0.53,-0.6,0.65,2.13,6
El Salvador,Latin America,6.3,0.14,0.84,0.4,0.21,0.44,2.07,"$3,696.33 ",0.66,0.27,0.15,0.04,0.11,0.05,0.61,-1.46,1.2,3.37,5
Libyan Arab Jamahiriya,Africa,6.16,0.1,2.33,0.14,0.32,0.79,3.69,"$5,859.43 ",0.74,0.17,0.23,0.02,0.25,0.02,0.7,-3,2.13,5.3,3B
Eritrea,Africa,6.13,0.01,0.03,0.06,0.18,0.1,0.42,$439.73 ,0.39,0.07,0.18,0.09,0.93,0.02,1.3,0.88,0.24,0.32,5
Nicaragua,Latin America,5.99,0.03,0.45,0.42,0.12,0.34,1.39,"$1,626.85 ",0.63,0.4,0.58,0.74,0.49,0.05,2.25,0.87,0.8,0.62,5
Sierra Leone,Africa,5.98,0.15,0.07,0.38,0.11,0.47,1.24,$499.89 ,0.4,0.42,0.35,0.19,0.22,0.05,1.24,0,0.71,1,6
Denmark,European Union,5.6,0.24,2.6,0.77,0.47,1.18,5.51,"$61,413.60 ",0.92,2.38,0.01,0.34,1.8,0.25,4.78,-0.73,3.18,1.15,5
Kyrgyzstan,Middle East/Central Asia,5.47,0.01,0.95,0.09,0.18,0.59,1.91,"$1,116.37 ",0.65,0.47,0.63,0.06,0.05,0.08,1.3,-0.61,1.1,1.47,3B
Slovakia,European Union,5.45,0.03,2.82,0.72,0.08,0.31,4.06,"$18,103.10 ",0.84,0.71,0.06,1.85,0,0.09,2.71,-1.35,2.35,1.5,5
Finland,European Union,5.41,,,,,,5.87,"$50,960.20 ",0.88,,,,,,13.44,7.57,3.39,0.44,3T
Singapore,Asia-Pacific,5.3,0.22,5.91,0.91,0.24,0.67,7.97,"$53,122.40 ",0.91,0,0,0,0.01,0.03,0.05,-7.92,4.61,159.47,5
Turkmenistan,Middle East/Central Asia,5.17,0.01,4.13,0.08,0.44,0.73,5.47,"$5,290.14 ",0.68,0.6,1.96,0.02,0.13,0.09,2.79,-2.68,3.16,1.96,6
Norway,Northern/Eastern Europe,4.99,,,,,,4.98,"$100,172.00 ",0.94,,,,,,8.18,3.19,2.88,0.61,4
Costa Rica,Latin America,4.8,0.08,1.37,0.68,0.21,0.4,2.84,"$8,979.96 ",0.76,0.38,0.3,0.63,0.12,0.1,1.53,-1.31,1.64,1.86,5
Lebanon,Middle East/Central Asia,4.65,0.05,2.52,0.25,0.3,0.67,3.84,"$9,143.86 ",0.76,0.16,0.04,0.06,0.01,0.06,0.33,-3.51,2.22,11.7,6
Ireland,European Union,4.58,0.18,3.22,0.46,0.49,1.08,5.57,"$52,853.60 ",0.91,0.84,0.76,0.5,1.49,0.13,3.73,-1.83,3.21,1.49,5
Central African Republic,Africa,4.53,0.02,0.08,0.26,0.55,0.3,1.24,$495.04 ,0.37,0.29,0.57,6.98,0,0.04,7.87,6.62,0.72,0.16,6
New Zealand,Asia-Pacific,4.46,0.7,2.84,1.08,0.23,0.63,5.6,"$37,488.30 ",0.91,0.51,2.7,5.95,0.86,0.13,10.14,4.54,3.23,0.55,3B
Georgia,Middle East/Central Asia,4.36,0.02,0.83,0.1,0.2,0.39,1.58,"$3,710.70 ",0.75,0.12,0.36,0.61,0.05,0.04,1.17,-0.41,0.91,1.35,3B
Congo,Africa,4.34,0.1,0.47,0.38,0.09,0.22,1.29,"$1,943.69 ",0.57,0.13,3.06,7.33,0.35,0.03,10.91,9.63,0.74,0.12,5
Croatia,Northern/Eastern Europe,4.31,0.06,2.21,0.72,0.13,0.74,3.92,"$14,522.80 ",0.82,0.68,0.19,1.55,0.33,0.06,2.8,-1.12,2.27,1.4,6
Liberia,Africa,4.19,0.03,0.14,0.75,0.03,0.23,1.21,$397.38 ,0.42,0.15,0.61,1.45,0.32,0.03,2.57,1.35,0.7,0.47,3B
Bosnia and Herzegovina,Northern/Eastern Europe,3.83,0.02,1.74,0.44,0.27,0.63,3.12,"$4,708.85 ",0.73,0.3,0.19,1.13,0,0.02,1.63,-1.49,1.8,1.91,5
Mauritania,Africa,3.8,0.15,0.55,0.21,1.2,0.39,2.54,"$1,524.39 ",0.5,0.1,2.91,0.05,1.38,0.04,4.48,1.93,1.47,0.57,3B
Panama,Latin America,3.8,0.37,1.44,0.19,0.4,0.36,2.79,"$8,410.77 ",0.77,0.14,0.43,1.74,0.6,0.02,2.94,0.15,1.61,0.95,3B
Moldova,Northern/Eastern Europe,3.51,0.06,1.03,0.15,0.08,0.43,1.78,"$1,971.03 ",0.68,0.59,0.07,0.1,0.01,0.03,0.8,-0.98,1.03,2.23,5
Uruguay,Latin America,3.4,0.05,0.98,0.55,0.98,0.19,2.91,"$14,238.10 ",0.79,1.89,4.86,1.22,2.18,0.17,10.32,7.41,1.68,0.28,3B
Oman,Middle East/Central Asia,3.31,0.4,5.8,0.15,0.4,0.57,7.52,"$22,622.80 ",0.79,0.07,0.04,0,1.61,0.19,1.92,-5.6,4.34,3.93,3B
Kuwait,Middle East/Central Asia,3.25,0.09,6.89,0.21,0.24,0.55,8.13,"$41,830.50 ",0.82,0.02,0.01,0,0.37,0.15,0.55,-7.58,4.7,14.68,3L
Albania,Northern/Eastern Europe,3.16,0.02,0.87,0.25,0.22,0.78,2.21,"$4,534.37 ",0.73,0.55,0.21,0.29,0.07,0.06,1.18,-1.03,1.27,1.87,6
Lithuania,European Union,3.03,0.16,2.15,1.28,0.21,1.89,5.83,"$14,373.70 ",0.83,3.03,0.11,2.09,0.3,0.15,5.67,-0.17,3.37,1.03,5
Armenia,Middle East/Central Asia,2.97,0.01,0.89,0.34,0.18,0.74,2.23,"$3,426.39 ",0.73,0.44,0.26,0.1,0.02,0.07,0.89,-1.35,1.29,2.52,3B
Mongolia,Asia-Pacific,2.8,0,2.09,0.17,3.47,0.29,6.08,"$3,736.07 ",0.71,0.21,8.23,7.03,0.14,0.05,15.66,9.58,3.51,0.39,3B
Jamaica,Latin America,2.77,0.07,1.09,0.18,0.09,0.41,1.89,"$5,226.30 ",0.72,0.16,0,0.1,0.11,0.05,0.43,-1.46,1.09,4.39,3B
Namibia,Africa,2.26,0.72,1.02,0.17,0.23,0.33,2.48,"$5,880.80 ",0.62,0.14,1.6,0.36,4.76,0.02,6.88,4.4,1.43,0.36,3L
Macedonia TFYR,Northern/Eastern Europe,2.11,0.03,2.06,0.31,0.21,0.62,3.26,"$5,174.89 ",0.74,0.38,0.17,0.92,0.02,0.02,1.51,-1.75,1.88,2.16,6
Slovenia,European Union,2.07,0.05,4.27,0.65,0.17,0.64,5.81,"$25,040.50 ",0.88,0.37,0.07,1.87,0,0.04,2.35,-3.47,3.36,2.48,6
Latvia,European Union,2.06,0.11,1.66,2.02,0.09,2.28,6.29,"$13,732.00 ",0.81,3.1,0.31,4.08,1.93,0.13,9.55,3.26,3.63,0.66,5
Lesotho,Africa,2.05,0,0.51,0.42,0.49,0.22,1.66,"$1,338.42 ",0.48,0.04,0.74,0,0,0.01,0.78,-0.87,0.96,2.11,3B
Qatar,Middle East/Central Asia,2.05,0.19,9.57,0.15,0.27,0.57,10.8,"$99,431.50 ",0.85,0.01,0,0,1.17,0.06,1.24,-9.56,6.24,8.72,3L
Botswana,Africa,2,0.01,2.36,0.24,0.89,0.3,3.83,"$7,743.50 ",0.69,0.06,2.49,0.63,0.27,0.02,3.47,-0.35,2.21,1.1,3B
Gambia,Africa,1.79,0.08,0.21,0.2,0.05,0.46,1.03,$505.76 ,0.44,0.23,0.04,0.2,0.32,0.03,0.82,-0.21,0.6,1.25,5
Guinea-Bissau,Africa,1.66,0.01,0.09,0.67,0.36,0.35,1.53,$681.25 ,0.42,0.48,0.36,0.34,1.79,0.06,3.03,1.49,0.89,0.51,6
Gabon,Africa,1.63,0.11,0.43,0.79,0.13,0.53,2.02,"$11,989.00 ",0.67,0.25,3.6,19.5,2.93,0.03,26.31,24.29,1.16,0.08,3L
Trinidad and Tobago,Latin America,1.34,0.11,6.89,0.27,0.19,0.46,7.92,"$18,310.80 ",0.77,0.04,0.01,0.15,1.37,0,1.56,-6.36,4.57,5.07,3B
Bahrain,Middle East/Central Asia,1.32,0.07,6.19,0.16,0.45,0.52,7.49,"$24,299.00 ",0.82,0.01,0,0,0.46,0.1,0.58,-6.91,4.33,12.96,3L
Estonia,European Union,1.29,,,,,,6.86,"$17,304.40 ",0.85,,,,,,10.53,3.67,3.96,0.65,3T
Mauritius,Africa,1.24,0.55,1.99,0.18,0.22,0.52,3.46,"$8,811.15 ",0.77,0.14,0,0.01,0.56,0,0.71,-2.75,2,4.89,5
Swaziland,Africa,1.23,0.01,0.67,0.52,0.41,0.35,2.01,"$4,657.48 ",0.53,0.25,0.51,0.05,0,0.06,0.88,-1.14,1.16,2.3,3L
Cyprus,European Union,1.13,0.14,2.94,0.23,0.08,0.77,4.21,"$31,454.70 ",0.85,0.18,0,0.06,0.06,0.05,0.34,-3.87,2.43,12.35,5
Timor-Leste,Asia-Pacific,1.11,0.02,0.06,0.04,0.07,0.25,0.48,"$5,167.86 ",0.6,0.21,0.06,0.52,0.94,0.04,1.78,1.3,0.28,0.27,3B
Fiji,Asia-Pacific,0.88,0.62,1.06,0.42,0.2,0.55,2.9,"$4,201.37 ",0.72,0.28,0.09,1.3,0.65,0.04,2.37,-0.52,1.67,1.22,5
Djibouti,Africa,0.86,,,,,,2.19,"$1,433.17 ",0.46,,,,,,0.77,-1.42,1.27,2.84,2
Réunion,Africa,0.86,0.09,3.27,0.15,0.01,0.14,3.65,,,0.14,0.01,0.04,0,0,0.18,-3.47,2.11,20.18,5
Guyana,Latin America,0.8,0.06,1.25,0.77,0.22,0.7,3.07,"$3,269.46 ",0.63,0.69,1.51,59.19,5.12,0.06,66.58,63.51,1.77,0.05,5
Bhutan,Asia-Pacific,0.74,0.02,0.63,3.03,0.42,0.5,4.84,"$2,395.00 ",0.59,0.28,0.34,4.38,0.01,0.25,5.27,0.43,2.8,0.92,3B
Equatorial Guinea,Africa,0.74,0.22,3.17,0.26,0.02,0.27,3.97,"$24,064.00 ",0.58,0.13,0.15,3.1,1.01,0.02,4.4,0.44,2.29,0.9,3L
Comoros,Africa,0.72,0.25,0.25,0.18,0.03,0.33,1.03,$860.24 ,0.5,0.23,0.01,0.02,0.07,0,0.32,-0.7,0.59,3.17,3B
Montenegro,Northern/Eastern Europe,0.62,0.05,2.13,0.62,0.33,0.64,3.78,"$7,251.60 ",0.8,0.14,0.22,2.63,0.24,0.01,3.24,-0.54,2.19,1.17,5
Solomon Islands,Asia-Pacific,0.55,0.46,0,0.09,0.03,0.47,1.29,"$1,647.86 ",0.5,0.66,0.01,2.28,1.19,0.23,4.36,3.08,0.74,0.29,3L
Suriname,Latin America,0.54,0.14,3.01,0.52,0.06,0.43,4.25,"$8,190.70 ",0.71,0.3,0.03,81.52,7.39,0.09,89.33,85.08,2.46,0.05,3L
Luxembourg,European Union,0.52,0.13,12.65,1.03,0.76,1.1,15.82,"$114,665.00 ",0.89,0.57,0.08,0.89,0,0.14,1.68,-14.14,9.14,9.44,5
Cabo Verde,Africa,0.49,,,,,,2.52,"$3,801.45 ",0.64,,,,,,0.62,-1.9,1.46,4.06,3T
Guadeloupe,Latin America,0.46,0.31,2.61,0.16,0.03,0.11,3.23,,,0.11,0.03,0.13,0.18,0,0.45,-2.77,1.86,7.14,5
Brunei Darussalam,Asia-Pacific,0.41,0.09,3.24,0.26,0.13,0.31,4.06,"$47,097.40 ",0.85,0.02,0.01,1.57,1.24,0.03,2.87,-1.19,2.34,1.41,3L
Martinique,Latin America,0.4,0.04,1.73,0.12,0.02,0.13,2.08,,,0.13,0.02,0.1,0.09,0.04,0.39,-1.7,1.2,5.41,3B
Bahamas,Latin America,0.37,0.14,4.46,0.19,1.05,0.97,6.84,"$22,647.30 ",0.78,0.05,0,1.18,8.27,0.04,9.55,2.71,3.95,0.72,3L
Barbados,Latin America,0.28,0.22,3.28,0.14,0.24,0.56,4.48,"$15,722.80 ",0.79,0.08,0,0.02,0.04,0.04,0.19,-4.29,2.58,23.79,5
French Polynesia,Asia-Pacific,0.27,0.82,2.39,0.12,0.65,0.75,4.73,,,0.19,0.03,0.73,0.42,0,1.37,-3.36,2.73,3.45,5
New Caledonia,Asia-Pacific,0.25,0.32,1.78,0.18,0.62,0.68,3.58,,,0.07,0.31,1.94,5.35,0,7.67,4.09,2.07,0.47,3L
French Guiana,Latin America,0.24,0.17,1.58,0.46,0.06,0.07,2.34,,,0.07,0.06,95.16,16.07,0,111.35,109.01,1.35,0.02,3L
Samoa,Asia-Pacific,0.19,0.42,0.96,0.27,0.16,0.97,2.77,"$4,067.15 ",0.7,0.69,0.01,1.17,0.06,0,1.93,-0.85,1.6,1.44,3B
Sao Tome and Principe,Africa,0.19,0.47,0.37,0.27,0.02,0.36,1.49,"$1,384.53 ",0.55,0.25,0,0.22,0.4,0,0.87,-0.61,0.86,1.7,3B
Saint Lucia,Latin America,0.18,0.23,1.56,0.17,0.1,0.38,2.45,"$7,737.20 ",0.73,0.1,0,0.1,0.14,0,0.34,-2.1,1.41,7.12,3B
Saint Vincent and Grenadines,Latin America,0.11,,,,,,3.11,"$6,171.48 ",0.72,,,,,,1.26,-1.85,1.79,2.47,2
Aruba,Latin America,0.1,,,,,,11.88,,,,,,,,0.57,-11.31,6.86,20.69,2
Grenada,Latin America,0.1,,,,,,2.98,"$7,410.48 ",0.74,,,,,,1.96,-1.01,1.72,1.52,3L
Tonga,Asia-Pacific,0.1,0.18,0.88,0.14,0.32,1.19,2.7,"$4,330.90 ",0.72,0.83,0.02,0.11,0.52,0,1.48,-1.22,1.56,1.82,3B
Antigua and Barbuda,Latin America,0.09,,,,,,5.38,"$13,205.10 ",0.78,,,,,,0.94,-4.44,3.11,5.7,2
Dominica,Latin America,0.07,0.17,1.47,0.14,0.15,0.64,2.57,"$7,088.01 ",0.72,0.4,0.01,0.52,0.1,0,1.03,-1.54,1.49,2.49,5
Bermuda,North America,0.06,,,,,,5.77,"$70,626.30 ",,,,,,,0.13,-5.64,3.33,44.05,3T
Cayman Islands,Latin America,0.06,0.05,3.56,1.23,0.45,0.36,5.65,,,0,0.02,0.19,0.11,0,0.32,-5.33,3.26,17.91,3L
Saint Kitts and Nevis,Latin America,0.05,0.81,3.34,0.09,0.18,0.51,4.94,"$12,952.50 ",0.74,0.06,0.01,0.17,0.38,0,0.62,-4.31,2.85,7.92,3L
British Virgin Islands,Latin America,0.03,,,,,,2.86,,,,,,,,2.05,-0.81,1.65,1.4,3T
Nauru,Asia-Pacific,0.01,,,,,,2.94,,,,,,,,0.19,-2.76,1.7,15.83,2
Wallis and Futuna Islands,Asia-Pacific,0.01,,,,,,2.07,,,,,,,,1.51,-0.56,1.19,1.37,3T
Montserrat,Latin America,0,,,,,,7.78,,,,,,,,1.36,-6.42,4.49,5.71,2
